BX41PZ,Christine Arnold, +13308702044,4745 Sigley Road,Australia,2019-05-26 00:07:04,2019-06-25 00:07:04
BX41PZ,Christine Arnold, +13308702044,4745 Sigley Road,Australia,2019-05-26 00:07:21,2019-06-25 00:07:21
BX41PZ,Christine Arnold, +13308702044,4745 Sigley Road,Australia,2019-05-26 00:13:14,2019-06-25 00:13:14
BX41PZ,Christine Arnold, +13308702044,4745 Sigley Road,Australia,2019-05-26 00:13:36,2019-06-25 00:13:36
BX41PZ,Christine Arnold, +13308702044,4745 Sigley Road,Australia,2019-05-26 00:16:36,2019-06-25 00:16:36
BX41PZ,Christine Arnold, +13308702044,4745 Sigley Road,Australia,2019-05-26 00:16:50,2019-06-25 00:16:50
BX41PZ,Christine Arnold, +13308702044,4745 Sigley Road,Australia,2019-05-26 00:17:09,2019-06-25 00:17:09
BX41PZ,Christine Arnold, +13308702044,4745 Sigley Road,Australia,2019-05-26 00:18:00,2019-06-25 00:18:00
BX41PZ,Christine Arnold, +13308702044,4745 Sigley Road,Australia,2019-05-26 00:18:17,2019-06-25 00:18:17
BX41PZ,Christine Arnold, +13308702044,4745 Sigley Road,Australia,2019-05-26 00:18:37,2019-06-25 00:18:37
SAM323,Roy Lyle, +41771789245,289 Swick Hill Street,Europe,2019-05-26 12:57:47,2019-06-25 12:57:47
LTM378,Virginia Bradshaw, +41773589245,5325 Virginia Street,United States,2019-05-26 13:00:24,2019-06-25 13:00:24
